epoch,time_per_epoch,train_mse,train_kld,train_traj,train_prior,train_psi,test_mse,test_kld
1,1.3438167572021484,1.8460289580481393,0.12667871373040335,1.8576969759804862,0.0744818417089326,0.9997255802154541,1.8788013762957312,0.150522707890502
2,0.7470622062683105,1.6689041001456124,0.1291768912758146,1.8768270526613509,0.06313159982008594,0.9972184726170131,1.6056821463888535,0.13611338204065246
3,0.7847156524658203,1.5781632832118444,0.13460423903805868,1.910522529057094,0.05906310411436217,0.9935548816408429,1.5314600162976526,0.1443799248992595
4,0.7783222198486328,1.5204258135386877,0.141524144581386,1.9326231139046806,0.05916369280644825,0.9906692504882812,1.496892148603773,0.15691546521111988
5,0.7395975589752197,1.4664980513708932,0.15030889000211442,1.9449650049209595,0.0684791947049754,0.9852913277489799,1.456223748189986,0.17151166779310714
6,0.7627975940704346,1.41295439856393,0.16118387239319937,1.9421618495668684,0.06151480706674712,0.9831213695662362,1.4072740943977116,0.18725853416684496
7,0.7620730400085449,1.3626759052276611,0.17382348009518214,1.955429298537118,0.06132182691778455,0.9770708850451878,1.3573708368523774,0.20479128346047593
8,0.7361090183258057,1.3106122187205724,0.1880346749510084,1.9445044824055262,0.0501286829156535,0.9725463816097805,1.3021856835070211,0.22213908121190262
9,0.7760186195373535,1.2633295399802071,0.20337546084608352,1.9690403086798531,0.04721492236214025,0.9673331124441964,1.2587773457770925,0.23990532421744992
10,0.769249677658081,1.219142164502825,0.2197371401957103,1.9472826038088118,0.04599806187408311,0.962251433304378,1.2192809849041994,0.25787251719979426
11,0.7717123031616211,1.1718335832868303,0.23694051376410893,1.900564772742135,0.03710749186575413,0.9566584655216762,1.1731742476134022,0.27563650992953725
12,0.8022739887237549,1.1313956805637904,0.2541970929929188,1.8815287521907262,0.03805740736424923,0.9493794185774667,1.1398037206966247,0.29201576180522215
13,0.7718284130096436,1.0916674477713448,0.27182208214487347,1.8631036622183663,0.03030213394335338,0.9447147250175476,1.097012030704139,0.3077743658837716
14,0.862626314163208,1.057853136743818,0.28922938449042185,1.873352357319423,0.030854453465768268,0.9394162893295288,1.0659555314367661,0.3235346661554858
15,0.8332364559173584,1.0230638810566492,0.30599258627210346,1.770747525351388,0.026923905791980878,0.9340835724558149,1.0302659652692854,0.3385112731980636
16,0.7635147571563721,0.9930224248341152,0.32217152203832355,1.7425752537591117,0.030244473101837293,0.9284890975270953,1.002227176465261,0.35338940868997787
17,0.7863545417785645,0.9668278438704354,0.33832290342875887,1.7350448199680872,0.02941255085170269,0.9214182070323399,0.9791643119713651,0.36708334141782584
18,0.7845175266265869,0.942402686391558,0.354173481464386,1.6507507392338343,0.022575487648802146,0.9171491946492877,0.9544016809741478,0.38039560849891113
19,0.767462968826294,0.9195476344653538,0.3692892960139683,1.6298396587371826,0.031112098268100193,0.9098301444734845,0.9292061743180313,0.39440337438219863
20,0.768261194229126,0.8987363151141575,0.3846678520951952,1.5885822943278722,0.019378272417400564,0.903963395527431,0.9135272534973419,0.4086476708741466
21,0.8040542602539062,0.8793013691902161,0.3994202826704298,1.6212847232818604,0.019517932619367327,0.8994854348046439,0.8897407028172583,0.4209938328629652
22,0.7957589626312256,0.8631683332579476,0.41377981645720346,1.533976776259286,0.022487233126802102,0.8955131258283343,0.8695083215097675,0.436331267715035
23,0.8000190258026123,0.8481580189296177,0.4276953765324184,1.5092310394559587,0.018062008677848747,0.8889468141964504,0.8550826728076678,0.45060761373139285
24,0.7779386043548584,0.8322929569653102,0.4422806629112789,1.4652699061802454,0.017874589455979212,0.8840210437774658,0.8409871525828614,0.4628872783194743
25,0.780102014541626,0.8193035806928363,0.456031220299857,1.423897624015808,0.019863633571990898,0.879037184374673,0.828780217288321,0.4737445037193897
26,0.7798748016357422,0.8077760509082249,0.46927973202296663,1.416402850832258,0.017204408400825093,0.8742823771068028,0.8138409085872462,0.48485685570892195
27,0.7914369106292725,0.7959478412355695,0.48195935998644146,1.3899879796164376,0.018888410846037523,0.8685884390558515,0.8053773785920421,0.4971137765811698
28,0.80843186378479,0.7850546836853027,0.4945214092731476,1.3657739332744054,0.015440141249980246,0.8632313353674752,0.7950827960476212,0.5057586905934885
29,0.7816729545593262,0.776713524545942,0.5060051040990012,1.3389505999428886,0.017378925079745904,0.85819183077131,0.7837577954001491,0.5171347859194461
30,0.8063163757324219,0.7667458738599505,0.5173912133489337,1.3434048891067505,0.012655605961169516,0.85343656369618,0.7748260326984218,0.527052741146943
31,0.8064875602722168,0.7596202833311898,0.5277219499860492,1.3228669166564941,0.012154559072639261,0.8490384135927472,0.765448948727595,0.5337392099769661
32,0.8197214603424072,0.7501622182982308,0.5385758876800537,1.3004153626305717,0.01166816454912935,0.8446090051106044,0.7587053286655067,0.5432468986831973
33,0.805283784866333,0.7423052532332284,0.5485215527670724,1.2681536844798498,0.012909273217831339,0.8389322417122977,0.7526175518741522,0.5505720422406902
34,0.8203933238983154,0.7350327713148934,0.5582194924354553,1.2807434116091048,0.011385297003601278,0.8363680754389081,0.745586219389877,0.560398594680923
35,0.8018057346343994,0.7278506074632917,0.5676561083112445,1.2189378568104334,0.010588710462408406,0.830831127507346,0.7392772329227807,0.5685586065989439
36,0.833059549331665,0.7214634163039071,0.5766766582216535,1.2111105918884277,0.010811901717845882,0.8248154946735927,0.7307938265158991,0.5744844795342519
37,0.8062212467193604,0.7157418216977801,0.5850697415215629,1.213469454220363,0.009449889750352927,0.8205786177090236,0.7238641961273057,0.5803035895920655
38,0.8167810440063477,0.7087655408041817,0.5941917811121259,1.207587548664638,0.007692590688488313,0.8167875323976789,0.7214274890219684,0.5884026540234485
39,0.8207478523254395,0.7060290234429496,0.6020702634538923,1.182746069771903,0.008148484397679567,0.8120993460927691,0.7143002711069424,0.5950427613985378
40,0.8244853019714355,0.6987542765481132,0.6101572513580322,1.1633791412625993,0.0076357102287667135,0.8066389220101493,0.7114367757677498,0.6017855504703095
41,0.8051764965057373,0.6943076763834272,0.6180571487971714,1.1499773945127214,0.00729042970176254,0.8024322390556335,0.7043371398352721,0.6098628380908026
42,0.8134253025054932,0.6898650186402457,0.6256030712808881,1.1560784067426408,0.007705428637564182,0.7986294712339129,0.7018843905273574,0.6164681283347809
43,0.7954065799713135,0.6840718984603882,0.6334182620048523,1.1186009304864066,0.008402334326612098,0.7938577362469265,0.6987301720632031,0.6225258993995564
44,0.7892868518829346,0.6819042818886893,0.6405875853129795,1.106235146522522,0.0070522754187030455,0.7911971722330365,0.6932135729511757,0.6277096541473149
45,0.802976131439209,0.6787362098693848,0.6477776510374886,1.14421181167875,0.005919258442840406,0.7851823738643101,0.6906782081308921,0.6346673906651313
46,0.825498104095459,0.6732908913067409,0.6554249610219683,1.1287377646991186,0.006018238541271005,0.7820137909480503,0.6856842746649088,0.6403257103778857
47,0.8057875633239746,0.6708817141396659,0.6618968503815787,1.0900564193725586,0.005368206184357405,0.7787023101534162,0.6824053825284333,0.6462231543032043
48,0.7907235622406006,0.6662016596112933,0.6686619860785348,1.0577363627297538,0.004928783646651677,0.772768463407244,0.6801136272370548,0.6539156463648707
49,0.7941567897796631,0.6627223917416164,0.6750350253922599,1.061469282422747,0.006266182022435325,0.7692456075123378,0.6766711700657558,0.6592277510283774
50,0.8154497146606445,0.6590576171875,0.6817453929356166,1.0596920933042253,0.004919621594516295,0.7651406356266567,0.6721308581497637,0.6647986668107756
51,0.792614221572876,0.6568369524819511,0.6878606677055359,1.021137535572052,0.0046212519186415845,0.760569725717817,0.6703812808733884,0.6687549243058859
52,0.8073492050170898,0.6533558794430324,0.6942860398973737,1.0529502119336809,0.004632496141961643,0.7563449995858329,0.6676773402188391,0.6740943821556366
53,0.8143613338470459,0.6505490711757115,0.7004874518939427,1.0300182104110718,0.0040805164192404065,0.7538038662501744,0.6662383389579876,0.678725602380898
54,0.7851366996765137,0.6474567311150687,0.7066706929888044,1.0404334579195296,0.005201916875583785,0.7489904931613377,0.6641437315085543,0.6841247605635981
55,0.8112401962280273,0.6436375975608826,0.7127964666911534,1.0024436712265015,0.0037399757919566973,0.7455445017133441,0.6606083132760942,0.6888704989523097
56,0.7966609001159668,0.6414162686892918,0.7178974321910313,0.9965962597302028,0.0030562134592660834,0.7416051200457981,0.6570673373782582,0.6930355926800201
57,0.8026862144470215,0.6392143879617963,0.7234416604042053,0.9995461106300354,0.0037111491630119936,0.7372650674411229,0.6543226204645474,0.6976808643661807
58,0.8017241954803467,0.6370253903525216,0.7290014283997672,0.9698537332671029,0.003349057997443846,0.7335208909852164,0.6529899052440318,0.703403202942134
59,0.8158257007598877,0.6340870942388263,0.7343054413795471,0.9734095335006714,0.0045314807378287825,0.7283655319895063,0.6489959736041424,0.7088908047954063
60,0.814612865447998,0.6318440948213849,0.7396726182528904,0.9576253720692226,0.0030978554527142216,0.7265557561601911,0.6489221656803593,0.7132078492053421
61,0.8345491886138916,0.6290072202682495,0.7452357837132045,0.9752613987241473,0.0034435830478157315,0.7232440539768764,0.6465407267814259,0.7172109265498516
62,0.8230609893798828,0.6279805472918919,0.7499229993138995,0.9644934790475028,0.004350440044488225,0.7193412525313241,0.6426225478339088,0.723884591607235
63,0.8179459571838379,0.6253155129296439,0.755111038684845,0.9346361415726798,0.003147683572024107,0.7142066614968436,0.640955257041572,0.7269347350159033
64,0.7955844402313232,0.6217806679861886,0.7606520993368966,0.9162492837224688,0.0033619768717991455,0.7119327357837132,0.6395635425777179,0.7317040412949875
65,0.8095693588256836,0.620054943220956,0.7654913238116673,0.9325966835021973,0.0037308342954409973,0.7083422371319362,0.6377988695563757,0.7359551496035315
66,0.7994163036346436,0.6172762087413243,0.7706877674375262,0.9095437952450344,0.0025679589847901036,0.703640844140734,0.6349619872901472,0.7417446540610138
67,0.8087406158447266,0.6154730319976807,0.7758201956748962,0.908038215977805,0.0032788860678140607,0.7006543959890094,0.6335777902282407,0.7449917902860941
68,0.7932839393615723,0.6136852162224906,0.7805454645838056,0.9024215085165841,0.0022315920131014927,0.6966700383595058,0.6317147751560126,0.7494206123822473
69,0.834338903427124,0.6111065745353699,0.785180756023952,0.9185616629464286,0.0031426984018513133,0.6938794340406146,0.6293839301763628,0.7544721415759202
70,0.8303720951080322,0.6089580825396946,0.7898134589195251,0.9097921592848641,0.0029006529532905135,0.6903147101402283,0.6259993181100341,0.7581901956566781
71,0.8069775104522705,0.6080192242349897,0.7940232157707214,0.9022610442978996,0.001946984973203923,0.6872208288737706,0.6256404187647217,0.7636601104330054
72,0.810431957244873,0.6055533289909363,0.7986765163285392,0.8725141627447945,0.0017212560300582222,0.6832656349454608,0.6242351267369873,0.7674209053206337
73,0.8247511386871338,0.6032119904245649,0.803523097719465,0.8757006185395377,0.0016221897510279501,0.6792052643639701,0.6219717983173148,0.773355128786489
74,0.8115355968475342,0.6018083606447492,0.8083668010575431,0.8761879886899676,0.002327883948705026,0.6762566907065255,0.6210944000380991,0.7770165571182832
75,0.8234200477600098,0.6003939849989754,0.8126441751207624,0.862130343914032,0.001801278691605798,0.6729415655136108,0.6191749909533514,0.7803000270518486
76,0.7996828556060791,0.5988347104617527,0.8170492649078369,0.8393954379217965,0.002333741867914796,0.6695162228175572,0.6174522400436915,0.7841734161825993
77,0.825326681137085,0.5966337663786752,0.8220921158790588,0.864220644746508,0.0021939862053841352,0.667322541986193,0.6159861269553146,0.7872513107654759
78,0.9549815654754639,0.5948809470449176,0.826623661177499,0.8475874492100307,0.0013959850517234632,0.6637025390352521,0.6125771339164187,0.7933087568112018
79,0.8350529670715332,0.5938730665615627,0.8310469133513314,0.8492216297558376,0.0022241317367713365,0.66037631886346,0.6137729557105779,0.796395893588729
80,0.8310906887054443,0.5919403433799744,0.8352789538247245,0.8711101412773132,0.0018258097781134503,0.6573807001113892,0.6118789390063607,0.8018421725841915
81,0.8319644927978516,0.5910003525870187,0.8396052036966596,0.8455690060343061,0.0020006540663806455,0.6542410680225917,0.610494239180612,0.8059190319258002
82,0.8121984004974365,0.5893806133951459,0.8444432445934841,0.8274168372154236,0.0023239975894934367,0.6505417483193534,0.6087339662115671,0.8090084793856326
83,0.8347187042236328,0.5861852254186358,0.8491079807281494,0.8495431797845023,0.0019011410684990032,0.6469378215926034,0.607143197358991,0.8125535124085944
84,0.8104410171508789,0.58486179794584,0.8533908809934344,0.8164759618895394,0.0014316078574795807,0.6441311836242676,0.606098559405237,0.8154889542960265
85,0.834010124206543,0.5840831058365958,0.8575267706598554,0.8430190512112209,0.0012552807706275157,0.6412584185600281,0.6051015014605672,0.8192859059492035
86,0.7951517105102539,0.5827620199748448,0.8616575343268258,0.8117265360695975,0.0018963186802076443,0.6386450954845974,0.6038768299491951,0.824423689478716
87,0.8370201587677002,0.5808276108333043,0.8661778739520481,0.8212899821145194,0.0017550371953153185,0.6348831057548523,0.6026139700359293,0.8289300815406936
88,0.8024590015411377,0.5796424746513367,0.8703644871711731,0.7921894362994603,0.0014628077707519488,0.631593644618988,0.601899847856017,0.832038589122584
89,0.8252441883087158,0.5771685753549848,0.8751708098820278,0.802892438002995,0.0013455477060883173,0.6291454945291791,0.5999803412120973,0.8345122778362223
90,0.8110847473144531,0.5760054843766349,0.878788241318294,0.7939542021070208,0.0012938036899348454,0.6272184423037938,0.5985300118613136,0.8379189446902596
91,0.79606032371521,0.5754456349781581,0.8820798822811672,0.799363204411098,0.0012057166480060136,0.6232670375279018,0.5984730180603506,0.8409004839546478
92,0.8211748600006104,0.5739550931113107,0.8866211346217564,0.7811790364129203,0.0012131452177917318,0.6213649085589817,0.5957777636468143,0.8451534461547441
93,0.8122568130493164,0.5729191132954189,0.8904461775507245,0.7834014807428632,0.0013587325728232308,0.6172901477132525,0.5949904977473442,0.8495059652178811
94,0.8126678466796875,0.5712652121271405,0.8944381986345563,0.7935885276113238,0.0014004149956495634,0.6148953012057713,0.5950283052675392,0.8530606726359894
95,0.832435131072998,0.5696121369089399,0.8982361129352024,0.798024194581168,0.0013616606842593423,0.6118467024394444,0.5935931571930513,0.8555388079095849
96,0.8210659027099609,0.5685445666313171,0.9021069662911552,0.7869939378329686,0.001251406651655478,0.6095833097185407,0.59251449781683,0.8599431153904696
97,0.829603910446167,0.5677484699657985,0.906237712928227,0.7900317481585911,0.0010443609041560973,0.6059063843318394,0.5913997225697265,0.8631581599936892
98,0.8008213043212891,0.5659875018256051,0.910613306931087,0.7533163343157087,0.00152284320211038,0.602702225957598,0.5914459223169917,0.866723118876128
99,0.797227144241333,0.5644954868725368,0.9146376422473362,0.7655596477644784,0.0008055505085004759,0.6000371149608067,0.5904170109017548,0.8702105617843936
100,0.7994170188903809,0.5643680947167533,0.917666494846344,0.7536006314413888,0.0011384846210213645,0.5978398663657052,0.5899906591449617,0.8739630919400887
101,0.7991597652435303,0.5623727100236076,0.9220089146069118,0.7561507225036621,0.0012144953361712396,0.5948511702673775,0.5879145911456224,0.8782698538805872
102,0.8305432796478271,0.5616571307182312,0.9254614795957293,0.7821492297308785,0.0008506166445191152,0.592595534665244,0.5868147766643576,0.8825227040880999
103,0.8111691474914551,0.5594525762966701,0.929650570665087,0.7562095352581569,0.001058267113486571,0.5906932183674404,0.5864228782632426,0.8860923917838811
104,0.8170030117034912,0.5586210574422564,0.9333426186016628,0.7582993337086269,0.0011329997380796289,0.5870983345167977,0.5856992904380832,0.8888445165125244
105,0.7977075576782227,0.5579485041754586,0.9370122041021075,0.7484520673751831,0.0008841191468361233,0.5852591139929635,0.5847303113595252,0.892248786083786
106,0.7983675003051758,0.5566961594990322,0.9409600666591099,0.7506395918982369,0.0009282758692279458,0.5817421163831439,0.5826967510941852,0.8954890340967563
107,0.8393456935882568,0.5563850913728986,0.9449891362871442,0.778804429939815,0.0007002560887485743,0.5792381422860282,0.5820523446985424,0.9011990895720341
108,0.8376061916351318,0.5553431851523263,0.9494507142475673,0.7547607507024493,0.0014258577970654837,0.5779591543333871,0.5814919132288261,0.90512296089677
109,0.8249156475067139,0.5536358271326337,0.9534528255462646,0.7476828353745597,0.0008051448717846402,0.5746711918285915,0.5809256183192334,0.9068871276795597
110,0.824951171875,0.5525111130305699,0.9567655495234898,0.7629013657569885,0.0009031985578725912,0.5707113913127354,0.5805186781648028,0.9100750388051362
111,0.8104310035705566,0.551266780921391,0.960466240133558,0.7282625011035374,0.0013769688708375075,0.5682211518287659,0.5796966221300476,0.9120622234494162
112,0.7965826988220215,0.5501470991543361,0.9643189566476005,0.7316800270761762,0.0006880538671144418,0.5655920079776219,0.5788912711656682,0.9152405229919159
113,0.8031771183013916,0.5497531890869141,0.967884361743927,0.7267958862440926,0.0009271043818444014,0.5642421245574951,0.5788189661877038,0.9194826366120924
114,0.8327488899230957,0.5483860203198024,0.971774331160954,0.74712735414505,0.0007045875619431692,0.561935441834586,0.5777253583407723,0.9228900788610827
115,0.8292882442474365,0.5473295705659049,0.9759533660752433,0.7425179566655841,0.0006433664987395917,0.5598786132676261,0.5764689437477043,0.9261846897847984
116,0.8336741924285889,0.5466335756438119,0.9796036226408822,0.756694529737745,0.0011697891521699993,0.557373183114188,0.5750563599069022,0.9292327697501589
117,0.8396878242492676,0.545915595122746,0.9827314785548619,0.7505428450448173,0.0007477468752767891,0.5545925072261265,0.5746172182763104,0.9325453925025837
118,0.8242671489715576,0.5442339777946472,0.9866198982511248,0.7284023591450283,0.0010829770555054502,0.5516613551548549,0.5731906174544261,0.9372332574540724
119,0.8372175693511963,0.5438271420342582,0.9902326124055045,0.7410376667976379,0.0011971725450296486,0.5487058673586164,0.5731762350941987,0.9399844552369395
120,0.8029756546020508,0.5430102518626622,0.9938663414546421,0.7124747208186558,0.0012527707585832104,0.5462718776294163,0.5719532923848105,0.9435421134858922
121,0.8040764331817627,0.5425972257341657,0.9970838512693133,0.7194487707955497,0.0013499733135436795,0.5452092460223606,0.572742717683048,0.9477143806192373
122,0.8262922763824463,0.5413364597729274,1.000416602407183,0.7360085504395621,0.0009446488734933414,0.5427286880356925,0.5709237416228906,0.9499418441490207
123,0.9546430110931396,0.5396455781800407,1.0045392428125655,0.7394938809531075,0.000823592725542507,0.5391557131494794,0.5717083924019818,0.9513535192194541
124,0.8018364906311035,0.5385856458118984,1.008677669933864,0.7194667543683734,0.000472255381672377,0.5378262315477643,0.5711858622696367,0.9553053496664415
125,0.8305583000183105,0.5387835843222482,1.0118048361369543,0.7447355474744525,0.0006128569220891222,0.5357517174312046,0.5703274439268583,0.9595100756717905
126,0.8212640285491943,0.5369045393807548,1.0160222564424788,0.7329179559435163,0.0007901023158670536,0.5330455984388079,0.5683092768951382,0.9637509215573025
127,0.8007731437683105,0.5369321703910828,1.0193669285093034,0.7126384547778538,0.0009049743696648095,0.5313075866018023,0.568147948237278,0.9659312378130687
128,0.8313820362091064,0.5359917964254107,1.0229260069983346,0.7475844281060355,0.0006485032624498542,0.5282590048653739,0.5671336102913314,0.9701568789011694
129,0.8308026790618896,0.5345432588032314,1.0272945676531111,0.7343952059745789,0.0008308642136398703,0.5267568571226937,0.5664075105179586,0.9752187787684624
130,0.8246212005615234,0.534835159778595,1.0305434806006295,0.7294961214065552,0.0005322302458807826,0.5235736284937177,0.5658176215240239,0.9768553699613152
131,0.8061957359313965,0.5330549137932914,1.0339065960475378,0.7026677301951817,0.0007576936747812267,0.522574211869921,0.5652450293703464,0.9796908046098033
132,0.8202202320098877,0.5321803944451469,1.037653991154262,0.7131770764078412,0.000866349636843162,0.5211737496512276,0.56471143388962,0.983591114191731
133,0.8073768615722656,0.5313091959272113,1.0408329623086112,0.7165871432849339,0.0009176281143611829,0.5175719516617912,0.5639941435758309,0.9867295986333771
134,0.8145735263824463,0.5293969597135272,1.0448718241282873,0.7209990876061576,0.000739657149616895,0.5165526696613857,0.5637737384291508,0.9902470734621912
135,0.8187699317932129,0.5291729824883598,1.0480685915265764,0.724371211869376,0.0005885288867700313,0.5134945341518947,0.5630613006818455,0.9930636885454837
136,0.7975175380706787,0.5299717358180455,1.050594449043274,0.7087659239768982,0.0005919503704977355,0.5109046527317592,0.5631948263121292,0.9983766442457123
137,0.8051290512084961,0.5275638018335614,1.0552080869674683,0.7016147289957319,0.0008414731211295086,0.5089116096496582,0.5612911213139248,1.0011823343054596
138,0.8338699340820312,0.526582053729466,1.0588067940303258,0.7459230933870588,0.0007048519910313189,0.5080512932368687,0.5622693583569719,1.0037443680613565
139,0.8356497287750244,0.5257506711142403,1.0624042919703893,0.7163404311452594,0.0005734864472677666,0.5052879793303353,0.5607672237494601,1.007143109101351
140,0.8391342163085938,0.5248985886573792,1.065802710396903,0.7249383330345154,0.0004807957053084725,0.5032514674322945,0.5600802270286286,1.0099726835173877
141,0.8101019859313965,0.5249753338950021,1.0691107170922416,0.7167335408074516,0.0005708927928935736,0.5006490136895861,0.5592941318392219,1.012746390740433
142,0.7990560531616211,0.523858904838562,1.0722668511526925,0.7004167778151376,0.0005946928265205185,0.49968879989215303,0.5598640153226296,1.0149831862727623
143,0.8111963272094727,0.5232181549072266,1.075326987675258,0.6954468148095267,0.000500569781122197,0.4977751203945705,0.5583066758553543,1.018595030489524
144,0.7970683574676514,0.5216574924332755,1.079099382672991,0.6926770039967128,0.000858397183557307,0.4952079824038914,0.5581646978587848,1.0223867663353547
145,0.8244283199310303,0.5212855509349278,1.0822363921574183,0.7230937566076007,0.00043237551290076226,0.493587817464556,0.5571355862467813,1.0237924512726309
146,0.8019843101501465,0.5204892924853733,1.0846364157540458,0.6865917018481663,0.0005145006247663072,0.49086280379976543,0.5565730314618269,1.026595414486701
147,0.831305980682373,0.5206534011023385,1.087726695196969,0.7063234363283429,0.0005791634736981775,0.48844982045037405,0.5563725540456216,1.0323454296642354
148,0.8359401226043701,0.5183717012405396,1.0924053873334612,0.7432313561439514,0.0006253708686147417,0.48690465092658997,0.5558024864025715,1.0353672429585137
149,0.8109261989593506,0.5173764143671308,1.0962979793548584,0.6948248658861432,0.00047029593510420194,0.4854282225881304,0.5550727702577017,1.0372008844341398
150,0.8254423141479492,0.5169778040477208,1.0990876299994332,0.7172934668404716,0.00043877121476855664,0.4837887840611594,0.5555643722615434,1.0390310971726218
151,0.7982361316680908,0.5156766516821725,1.1027227299554008,0.6855693885258266,0.00042433829262985716,0.482099460703986,0.5543217025530178,1.0434032769481163
152,0.810370683670044,0.5153895190783909,1.1062194790158952,0.6748940008027213,0.0005959194303224129,0.4794743997710092,0.5535350447278387,1.0469929926063983
153,0.797480583190918,0.5141580360276359,1.1096176079341344,0.6903941461018154,0.0004540133023900645,0.4781517045838492,0.5532672015006233,1.0478215426072945
154,0.8365027904510498,0.5135494342872075,1.1130458286830358,0.7084020631653922,0.0008911751751189253,0.4751792975834438,0.5530767448814461,1.0524684190750122
155,0.8288249969482422,0.5121457747050694,1.1161160979952132,0.6920233539172581,0.0006126791496561575,0.4735079748289926,0.5522930964226146,1.0547160022461894
156,0.8213658332824707,0.5116104355880192,1.1190146378108434,0.6949659841401237,0.0004723640345868522,0.472049355506897,0.55210699361536,1.057056262354145
157,0.8317258358001709,0.5120482061590467,1.1221639258520943,0.6987791401999337,0.0004415043055944677,0.4709712139197758,0.5515024595196472,1.0607975523568054
158,0.8064215183258057,0.5108676041875567,1.1259955338069372,0.6852832947458539,0.00045390591341336925,0.4684945046901703,0.5504333328773088,1.0634606044923243
159,0.8305315971374512,0.5100037412984031,1.1290854896817888,0.7204035094806126,0.0005204185415225636,0.4665032625198364,0.5497333947318552,1.0671682277602466
160,0.8357157707214355,0.509186076266425,1.1326859848839896,0.708380367074694,0.00031782331851510596,0.46492564252444674,0.5501219828032592,1.0706256259182643
161,0.8260674476623535,0.5087968834808895,1.1361876726150513,0.6986955659730094,0.0005769650327108268,0.46333744696208407,0.5494069857982242,1.0737376769027367
162,0.80743408203125,0.5088154332978385,1.1390967879976546,0.6828425441469465,0.0005156047492554146,0.4618710364614214,0.5488658413758727,1.076258093786881
163,0.8084793090820312,0.5066404214927128,1.1430812733513969,0.6904895986829486,0.0004469477987316038,0.45953220980507986,0.5490974890811561,1.0797155550242539
164,0.809110164642334,0.5066803182874408,1.1466304744992937,0.6703247683388847,0.0007897954242902675,0.45841553807258606,0.548029293393875,1.0850046568387293
165,0.9280221462249756,0.5058915359633309,1.1502104316438948,0.680071302822658,0.0003641945887855919,0.4567010743277414,0.5477575579566272,1.0871492437183055
166,0.8145046234130859,0.5047590604850224,1.1538115228925432,0.6670080593654087,0.0006951184145041875,0.4545855096408299,0.5470666030062689,1.089972369874005
167,0.834446907043457,0.503230482339859,1.157144205910819,0.6808915138244629,0.0006169771430515018,0.4526448973587581,0.546953403628995,1.0929223400594943
168,0.8353095054626465,0.503267126423972,1.1598151070731026,0.7181950722421918,0.0004066625052863466,0.4507415848118918,0.5468870147461314,1.0959752145904063
169,0.8209323883056641,0.501902563231332,1.163649559020996,0.6853406088692802,0.00045664326795044223,0.44987681933811735,0.5454414641910604,1.1004217911194258
170,0.8033580780029297,0.5013149380683899,1.1674309458051408,0.6968371101788112,0.0006158975219087941,0.44789699571473257,0.5450476629851645,1.102752677528313
171,0.8115637302398682,0.5025705567428044,1.170577951839992,0.685186505317688,0.0005247753932573167,0.44575901116643635,0.5450240221258771,1.1060066490429934
172,0.8128006458282471,0.5001060749803271,1.1738014391490392,0.66776990039008,0.00041989227299511967,0.44482762047222685,0.5447427748030077,1.1064482879211015
173,0.8132898807525635,0.49895825130598886,1.1774533476148332,0.6855149439402989,0.0003905889149921547,0.44214450461523874,0.5441056642297137,1.1109195888844305
174,0.8274712562561035,0.49815856984683443,1.1812845468521118,0.6771457024982998,0.000487523662741296,0.4407510076250349,0.5433632990704523,1.1129401820657499
175,0.832101583480835,0.49863202231270926,1.183729120663234,0.6929280502455575,0.0007148880228799369,0.4388733506202698,0.5433844921300229,1.116354586832192
176,0.835608720779419,0.4964580408164433,1.187756930078779,0.6891379952430725,0.0005161846908907007,0.4385275287287576,0.5425599920375465,1.1201978071922678
177,0.8288030624389648,0.4963452092238835,1.1917283875601632,0.705112874507904,0.0005831224318951302,0.4370879573481424,0.5428017626428818,1.1220835826856672
178,0.7981979846954346,0.49560087067740305,1.1950646468571253,0.6530213952064514,0.00030798095290914977,0.43479256544794354,0.5430649232971294,1.124582565418808
179,0.8097240924835205,0.49575434838022503,1.1980805397033691,0.6602156673158918,0.00044873528947521536,0.4328490027359554,0.5419255652769799,1.130079573045397
180,0.8016395568847656,0.4938707947731018,1.2022738286427088,0.6598571028028216,0.0005053937867549914,0.4310264119080135,0.54174326326815,1.1313877827383478
181,0.7973573207855225,0.4929468205996922,1.205722417150225,0.6630418726376125,0.00041874434100463986,0.4305935374328068,0.5412059610734606,1.1353187202872717
182,0.8071298599243164,0.49347352981567383,1.208781668118068,0.6666678019932338,0.0005329370282457343,0.4284029262406485,0.540861207273509,1.1394488036365253
183,0.8173496723175049,0.4927878166948046,1.212492891720363,0.6644863826887948,0.00036531512991392186,0.4272932580539158,0.5407458065336596,1.143673967352897
184,0.8230729103088379,0.4918276710169656,1.216663019997733,0.6744241118431091,0.0005130520439706743,0.4258479859147753,0.5403086388057657,1.1455688209277097
185,0.8219084739685059,0.49061945506504606,1.2202451399394445,0.6902362023081098,0.0003109558913690437,0.42302483320236206,0.5395072885692922,1.1475973690571806
186,0.8350861072540283,0.48978414280073984,1.223283154623849,0.6885977217129299,0.00042482823482714593,0.42287024429866243,0.5388376426803692,1.1508393506832721
187,0.8329284191131592,0.48925356354032246,1.227218747138977,0.6975532855306353,0.0004231632628943771,0.4211344804082598,0.539195962016358,1.1545484942705642
188,0.7995908260345459,0.4880831795079367,1.2316522598266602,0.6485105497496468,0.0004595653424205791,0.4198613848005022,0.5389787795297768,1.1578545687979112
189,0.7947566509246826,0.4871176140648978,1.235738890511649,0.6466383252825055,0.0005188134631940297,0.4186734173979078,0.5381092340956889,1.162265614543795
190,0.821021318435669,0.4875597868646894,1.2394530943461828,0.6733642901693072,0.000434577525343879,0.41661125847271513,0.5378630920375944,1.1642895413086554
191,0.8119921684265137,0.4859696626663208,1.2430836984089442,0.6519959398678371,0.0004451192424832178,0.4147592144353049,0.5384446430633956,1.1683125447799272
192,0.8203840255737305,0.4855564534664154,1.2464240959712438,0.6686548675809588,0.0003783480164461902,0.4139321233545031,0.537528124090802,1.1724520467321968
193,0.8113102912902832,0.48567553077425274,1.2505444969449724,0.6776837025369916,0.0004599881441598492,0.412576505116054,0.5372294299805646,1.1764827613873332
194,0.8093502521514893,0.4845233942781176,1.254757046699524,0.6636204974991935,0.0005019256828485855,0.4111743356500353,0.5375860576672404,1.179388684007619
195,0.8086872100830078,0.48370262554713656,1.2580779109682356,0.6604162880352565,0.0003198732208277631,0.4100107763494764,0.5365320818306619,1.1824126008380154
196,0.8094863891601562,0.482670715876988,1.2619567939213343,0.6595244833401271,0.0004289292555768043,0.40813510758536203,0.5359498350609578,1.1877286380716503
197,0.8117356300354004,0.48226738827569143,1.2657420975821358,0.651069632598332,0.0003707456760041948,0.40660870500973295,0.5360765540011795,1.1910644855199908
198,0.8366055488586426,0.4808285321508135,1.26974960735866,0.6798065815653119,0.00042922723930262564,0.40513376678739277,0.5362431540617494,1.1912081113310673
199,0.8063335418701172,0.48093180997031076,1.2728419644492013,0.6575041498456683,0.0004979504821156817,0.40342651520456585,0.5354415688814069,1.1966177946783503
200,0.832388162612915,0.48006162898881094,1.2772174222128732,0.6753738181931632,0.0005716014503767448,0.40231631483350483,0.5345174862664911,1.2014385472498668
201,0.7982015609741211,0.48019345317568096,1.2813631296157837,0.6521395104272025,0.0005983803961758635,0.4011552929878235,0.5346777749168499,1.2048036330483953
202,0.8218193054199219,0.4779548304421561,1.2862964868545532,0.6673326236861092,0.0004201346663259236,0.39928703222955975,0.5335781908356021,1.2067603059948293
203,0.8035080432891846,0.4779301711491176,1.289509654045105,0.6378095149993896,0.00047230014752130955,0.39875287243298124,0.5345234047671604,1.2093500064627472
204,0.8361504077911377,0.4772888592311314,1.2931236709867204,0.6723318525723049,0.0003540240224018427,0.39761613948004587,0.5332608463518288,1.2128587373169013
205,0.807281494140625,0.4768590416227068,1.297795329775129,0.660803130694798,0.0004239129848429002,0.39540943929127287,0.5334195892907044,1.2157955501111632
206,0.8123519420623779,0.47620671136038645,1.3017282485961914,0.6575438635689872,0.0003251009246534003,0.39434235436575754,0.5332416942835924,1.2208719429948405
207,0.8156924247741699,0.4758916028908321,1.3056787593024117,0.6470956546919686,0.0005729029404132494,0.39266501154218403,0.5326525798827544,1.223804923985571
208,0.8356425762176514,0.47507243497031076,1.3080542939049857,0.6732599054064069,0.00040948197004451813,0.39223540255001615,0.5330009072885386,1.2250172156389518
209,0.9516525268554688,0.4738997391292027,1.3118108340672083,0.6661886743136815,0.00047729809219682854,0.3899117580481938,0.5326326556269898,1.2300369017861883
210,0.824648380279541,0.47357463410922457,1.3161067962646484,0.6609218120574951,0.0003736065118573606,0.3892129063606262,0.5324322918070806,1.23488519758387
211,0.7973110675811768,0.4731981030532292,1.32057557787214,0.6541329622268677,0.0003832374973821321,0.38770535162517,0.5320615151003337,1.2383148018020151
212,0.8012962341308594,0.47185208967753817,1.323865566934858,0.6536619748388018,0.00045228948251211217,0.38653349024908884,0.5322895859923598,1.239109066035181
213,0.825629472732544,0.47176060506275724,1.3269480466842651,0.6757026740482875,0.0005192719638996225,0.38551677976335796,0.5323209396392241,1.2416888790814866
214,0.8009171485900879,0.4729395721639906,1.3303406919751848,0.6435114060129438,0.0006769463611167989,0.3841105784688677,0.5316711054789112,1.2473973212220744
215,0.8295831680297852,0.47071235946246553,1.335160732269287,0.6677349124635968,0.0003872200780149017,0.38336689131600515,0.530891108940535,1.2520769583270155
216,0.8079373836517334,0.47002896666526794,1.3397435290472848,0.666506792817797,0.0003918144793715328,0.38237572993550983,0.530654420232559,1.256959571966676
217,0.8420000076293945,0.46966998066220966,1.3433148860931396,0.6765291094779968,0.0004506853375849979,0.3806242559637342,0.5313445714557118,1.258819313861864
218,0.8043515682220459,0.4686761498451233,1.3468451329639979,0.6513172132628304,0.00028745046334474215,0.3792142186846052,0.5301808428871257,1.262478451557758
219,0.8009142875671387,0.46809391038758413,1.351475443158831,0.6454954828534808,0.0004888897508083444,0.3780839613505772,0.5305069048843042,1.2644173136741057
220,0.8240602016448975,0.46822834440640043,1.3544048411505563,0.6718346732003349,0.00029501151792438965,0.37698374475751606,0.5301375378407704,1.2664588994509436
221,0.8033595085144043,0.4671574320111956,1.3580567666462489,0.6509231158665248,0.00033401842561683485,0.3762355829988207,0.530698713700333,1.2698418185315326
222,0.8203940391540527,0.4655770020825522,1.3624858175005232,0.6654124174799237,0.0005212843035613852,0.374389716557094,0.5299892372080028,1.274011012684604
223,0.8068733215332031,0.4666538791997092,1.3653483050210136,0.6408423696245465,0.000308381302082645,0.37368108545030865,0.5296782942096214,1.2764465327754684
224,0.8344125747680664,0.4649127423763275,1.3690745489937919,0.6702136397361755,0.0003785107858545546,0.3722483089991978,0.5291155317439092,1.2794574151659226
225,0.8116257190704346,0.46413335629871916,1.3736549956457955,0.6576669641903469,0.00027475575604642345,0.37075963616371155,0.5294746938307724,1.2853719701681436
226,0.80735182762146,0.4637915406908308,1.3776668480464391,0.6577996100698199,0.00035577858320071494,0.36952896203313557,0.5287244720843876,1.291405556982408
227,0.8074541091918945,0.46369554741042,1.3814374378749303,0.6679487909589495,0.000411744667612116,0.368235034602029,0.5293888372156118,1.2945179260365096
228,0.8203303813934326,0.46171622616904123,1.3859537839889526,0.6612728663853237,0.00048264506663794497,0.36707828300339834,0.5283652650935767,1.298811512143088
229,0.7990081310272217,0.4615926572254726,1.3905370235443115,0.642067381313869,0.00040982861537486315,0.3665586752550943,0.5287658991835043,1.3029269124360363
230,0.8327598571777344,0.4603120684623718,1.3940748827798026,0.686655580997467,0.0004607732781940805,0.36561902506010874,0.5289942026138306,1.3028151849994745
231,0.8211574554443359,0.4611937872001103,1.3962357895714896,0.6634677052497864,0.0003090436616080946,0.3642116274152483,0.5279019980152626,1.304415478300086
232,0.8098030090332031,0.45957767963409424,1.4000684704099382,0.6446254253387451,0.00043873437763457853,0.3632967897823879,0.5289694779122357,1.309246556641275
233,0.7955114841461182,0.4592766761779785,1.4043632064546858,0.6323040383202689,0.00044888065063527653,0.36190815908568247,0.5272760316395438,1.3116465042524807
234,0.8380482196807861,0.45895878757749287,1.4081190483910697,0.6771357314927238,0.00039993590326048434,0.3605868475777762,0.5277413498660374,1.316027176754357
235,0.8106629848480225,0.4577423334121704,1.4129082815987724,0.6397712315831866,0.0004311632947064936,0.3590288928576878,0.52768472491893,1.3218651400553272
236,0.8302180767059326,0.45821270772389006,1.4160280568259103,0.684924806867327,0.0004301266807098208,0.35879597067832947,0.5275939024082749,1.3238963327065711
237,0.8134534358978271,0.457394859620503,1.4199702399117606,0.6413920947483608,0.0003440080358164518,0.3576311469078064,0.5280528432050628,1.326674642584249
238,0.8091330528259277,0.4572238836969648,1.4231783321925573,0.6484546065330505,0.0005540240433349806,0.3567234533173697,0.5269054014051976,1.3309503542468153
239,0.8229286670684814,0.4553851740700858,1.4277897902897425,0.6735802803720746,0.00047742811563823907,0.3553573489189148,0.5272103050899078,1.3328920143067569
240,0.8212687969207764,0.4558383822441101,1.4307048150471278,0.6631704824311393,0.0003615340350994042,0.35450988582202364,0.5276190074569976,1.3355602774384845
241,0.8288419246673584,0.4548425206116268,1.4341071162905012,0.6802038550376892,0.00034082482618811937,0.35311255710465567,0.5274310269697899,1.3400719320827534
242,0.8331503868103027,0.4538217399801527,1.4382964032036918,0.6740224616868156,0.00035771352330422293,0.35234824674470083,0.5272437240510778,1.3452922790039816
243,0.7994933128356934,0.45336720773151945,1.442866291318621,0.6513609971318927,0.00033091098053513894,0.35104464633124216,0.5263328712617336,1.3488408316411244
244,0.834583044052124,0.4519956409931183,1.4464881760733468,0.6859284554209027,0.0004880465109766062,0.3503838394369398,0.5272955763500368,1.3500285127237772
245,0.8013298511505127,0.45207799332482473,1.4490363257271903,0.6492836901119777,0.00031901301242344616,0.3490242745195116,0.526498396834985,1.3522890490801345
246,0.8066627979278564,0.4524678247315543,1.4536075592041016,0.6505763701030186,0.00035250981662621986,0.3478194645472935,0.5265274371266899,1.3588933196303021
247,0.8079099655151367,0.451483530657632,1.4577462332589286,0.6402638980320522,0.00036634890212943513,0.3474280323301043,0.5265437821636285,1.3596487852490002
248,0.7996830940246582,0.449718713760376,1.4614083426339286,0.6458605783326286,0.0006424378807423636,0.34639011536325726,0.5265165906850533,1.3616480463823395
249,0.8112525939941406,0.4507466128894261,1.4654662098203386,0.6574212227548871,0.000314223555116249,0.3454688446862357,0.5274366789869129,1.3692313031765377
250,0.9328169822692871,0.448710777929851,1.4699643169130598,0.6459782889911106,0.0005305996622025434,0.34310356208256315,0.5266216627150908,1.370154778519019
251,0.8359119892120361,0.44823392374174936,1.4738275493894304,0.6726083585194179,0.0004556323152168521,0.3432666574205671,0.5257626544734287,1.3751815707159685
252,0.815026044845581,0.4482042406286512,1.4783169031143188,0.6535407985959735,0.0005316723379239972,0.3418546276433127,0.5264031103908213,1.3792027550427903
253,0.8204989433288574,0.4479391319411142,1.4805825097220284,0.671266325882503,0.00031171693574703695,0.34107317669051035,0.5261249996621512,1.3822444677352905
254,0.8221950531005859,0.4470717694078173,1.4849755423409599,0.6631700396537781,0.0003678845491127244,0.33965704270771574,0.5259486348639689,1.3855357752787159
255,0.8370082378387451,0.4450933039188385,1.4902144159589494,0.6851192797933306,0.0005157670197409711,0.3389837273529598,0.5259108693075821,1.3897048967301577
256,0.8039360046386719,0.44588554756981985,1.4936957018715995,0.6421661121504647,0.00040803105054822354,0.33833599516323637,0.5260826811662169,1.3937883222049663
257,0.8241755962371826,0.44473619971956524,1.4975750616618566,0.6458508116858346,0.0005162943998584524,0.33711387855666025,0.5256462335051977,1.3950647420412756
258,0.8246574401855469,0.44462781293051584,1.5010683706828527,0.6725168228149414,0.00044112352354984196,0.3361276090145111,0.5260186681832968,1.3995139192572623
259,0.8360373973846436,0.4440881141594478,1.5045075927461897,0.6729849236352103,0.0004953797490868185,0.335893235036305,0.5254178084600132,1.4028138729488904
260,0.8153917789459229,0.4432963388306754,1.509051033428737,0.6546459794044495,0.0003248095994682184,0.3343417729650225,0.525678111031451,1.4077779354001374
261,0.840172290802002,0.4426487258502415,1.513505322592599,0.67475768498012,0.00034254630736541003,0.33306477325303213,0.525564059013743,1.408231194778408
262,0.7995965480804443,0.4421577411038535,1.5158406836645943,0.6343990564346313,0.00041875614260789007,0.3325419681412833,0.5263260389122728,1.4122766539654925
263,0.8079051971435547,0.4410697306905474,1.5202346869877406,0.6389204433986119,0.00041581110729436787,0.33133367129734587,0.5245707818210927,1.417481187213162
264,0.8253235816955566,0.44201931783131193,1.5242556163242884,0.6511476465633937,0.00029758622778380025,0.33074978419712614,0.5253783218529192,1.4207515764664107
265,0.8343896865844727,0.4400132043021066,1.528544545173645,0.6690916759627206,0.0003093285278217601,0.32935998695237295,0.5252607061189386,1.4204524776860739
266,0.7947185039520264,0.44144235764231,1.5317490952355521,0.6404122880526951,0.00044322965550236404,0.32902863195964266,0.525721440400778,1.428212820681756
267,0.8072926998138428,0.43911301663943697,1.5369643994740076,0.6576501301356724,0.0003624711327055203,0.32796487637928556,0.5254833492462945,1.431739105237439
268,0.814835786819458,0.4387971886566707,1.540185604776655,0.6659055267061506,0.00037045440175071623,0.3273440258843558,0.5251981161635019,1.4308703202303215
269,0.8322830200195312,0.4376000932284764,1.5442603315625871,0.6813573326383319,0.0004738842898015199,0.32634174823760986,0.5258590514884401,1.4374994285438092
270,0.817138671875,0.43682377679007395,1.5487429755074638,0.6532737527574811,0.0004164420721021348,0.32532234277044025,0.5252276375689314,1.4433120414280571
271,0.8340072631835938,0.43694052951676504,1.5526368107114519,0.6741509182112557,0.00043637211534327695,0.3248529093606131,0.525251000985971,1.4447530989155106
272,0.8321623802185059,0.4359541492802756,1.5561565331050329,0.6869608163833618,0.0003542691369407943,0.3233067435877664,0.5251800971180869,1.449113520271575
273,0.8225889205932617,0.43468962822641644,1.5605029378618513,0.663530170917511,0.0003199408695633922,0.3234776130744389,0.5249105977905171,1.4512437651510195
274,0.8268735408782959,0.4342953222138541,1.5645615373338972,0.6592650413513184,0.0003131663688691333,0.3216478484017508,0.524414974745079,1.4562896885679442
275,0.806631326675415,0.43517724105290007,1.5685348510742188,0.6564440216336932,0.0004399115568958223,0.3208355350153787,0.5254488084882899,1.4610247152268618
276,0.7948291301727295,0.433594673871994,1.5730989149638586,0.6403700368744987,0.0003128488627096106,0.3200112112930843,0.525936661547075,1.4648609321748194
277,0.8025162220001221,0.43340300236429485,1.5773887123380388,0.6535880735942295,0.00034510271299430836,0.31864926644733976,0.5250381145776655,1.4683511246480214
278,0.8188779354095459,0.4340314737388066,1.5801996333258492,0.6571632538522992,0.0003199339428517435,0.31803628376552034,0.5254634324745212,1.4687009723731754
279,0.8130221366882324,0.43228077036993845,1.5842056785311018,0.6545671480042594,0.0002597067484332781,0.31765460116522654,0.5249445481150674,1.4726930306096782
280,0.8212740421295166,0.4318358727863857,1.5889849662780762,0.6611289637429374,0.0005232753340221409,0.3168898139681135,0.5255188693380142,1.4779849421283056
281,0.8248498439788818,0.4321486268724714,1.5918568883623396,0.6848773956298828,0.0003146656194335914,0.31604435188429697,0.5257479358681649,1.4782036548238164
282,0.8319532871246338,0.4308405986854008,1.5952880552836828,0.6734959483146667,0.00039497097895946354,0.3153668684618814,0.5254539676311305,1.4801061490191472
283,0.8336904048919678,0.43153668301446096,1.5994554928370885,0.6746274828910828,0.0004631851500432406,0.31415689843041555,0.5254044139866337,1.4884826014394716
284,0.8385405540466309,0.4292857348918915,1.60471134526389,0.6731220398630414,0.00044442383971597465,0.3132497753415789,0.5251269022445507,1.4929250858289778
285,0.7998909950256348,0.42918982250349863,1.608315212385995,0.6379441363470895,0.0003758630529253943,0.3129412531852722,0.5264352581426167,1.4928690184392202
286,0.832618236541748,0.4280381202697754,1.6110759973526,0.6947923217500959,0.00036830805350161554,0.31166776163237436,0.5264108587273568,1.495231894099659
287,0.7986364364624023,0.4274004655224936,1.6149845974785941,0.6544803380966187,0.00046309367878296016,0.3109107570988791,0.5256588263896549,1.5008243568275006
288,0.8252723217010498,0.4268844212804522,1.6198746476854597,0.6505818707602364,0.00037387271212147813,0.3107243776321411,0.525482489121869,1.503975886935076
289,0.831866979598999,0.4262410146849496,1.6228775807789393,0.6888483762741089,0.00033477412632367177,0.3093985744885036,0.5257147042740621,1.5065972788986068
290,0.8051319122314453,0.42712361897741047,1.6271583182471139,0.6649222118513924,0.0005211592568749828,0.3088817426136562,0.5255774759390963,1.5129399149941756
291,0.8380258083343506,0.4262752490384238,1.6325202669416154,0.6939661417688642,0.0004994676918223766,0.307992194380079,0.5254480665040123,1.5182812705702846
292,0.9446218013763428,0.4242467113903591,1.6363835505076818,0.6710374270166669,0.0003493046679068357,0.30748903325625826,0.5258306219438801,1.521887997875299
293,0.8112442493438721,0.4253568777016231,1.639749356678554,0.6659796152796064,0.0006329460801290614,0.30616371972220285,0.5252882255567028,1.525542639296151
294,0.8253569602966309,0.4238520732947758,1.6434259755270821,0.6755864194461277,0.0002772453122556077,0.30563225064958843,0.5265411240102998,1.5276196729976501
295,0.8058774471282959,0.42479733909879414,1.6466072797775269,0.6584330712045942,0.0006300909153651446,0.30451766507966177,0.5257230141772283,1.5334845856166206
296,0.8226759433746338,0.4225533604621887,1.6522412981305803,0.6716197047914777,0.0006625655722538275,0.3040408875261034,0.5257193748191867,1.5366377370774478
297,0.8106379508972168,0.4226106107234955,1.6549265384674072,0.6568359562328884,0.0004868549501354989,0.3031224310398102,0.5259385461764485,1.5361682903606262
298,0.8294978141784668,0.42170066492898123,1.6591451168060303,0.6819601399557931,0.0004225577348344294,0.3025197046143668,0.5257064593212487,1.5398971879428813
299,0.8081207275390625,0.4203190377780369,1.6633238792419434,0.6680215512003217,0.0004006641725676933,0.30182504653930664,0.5260978124601424,1.541893415921472
300,0.7999341487884521,0.4200839911188398,1.6676699944904871,0.6587445735931396,0.0006310506578302011,0.30162176489830017,0.5263557447446301,1.5455986902852763
301,0.7958927154541016,0.42051099027906147,1.6708028486796789,0.6584503650665283,0.0004984459498830672,0.3004692324570247,0.5258472682114674,1.549824145342737
302,0.8216912746429443,0.4189273885318211,1.6748060839516776,0.6802895665168762,0.000772471448207008,0.2997188908713205,0.5256641712958503,1.557761525359389
303,0.8356344699859619,0.41948618633406504,1.6795936482293266,0.6866555724825177,0.0004744140501965636,0.2992094542298998,0.5259898430563409,1.5602631312314705
304,0.8374545574188232,0.4175535227571215,1.6829412153788976,0.683937839099339,0.0008755986751306669,0.29865422419139315,0.5269612413350777,1.5593409115958108
305,0.8330972194671631,0.4175456464290619,1.6858305420194353,0.6803138852119446,0.0009813145328994974,0.2977547347545624,0.5265285051991587,1.5669205381196711
306,0.802079439163208,0.41632301041058134,1.6914565392902918,0.65104592697961,0.0010262347287997337,0.29712254660470144,0.5265365200192405,1.5709478304525126
307,0.7910051345825195,0.41682299971580505,1.6948940924235754,0.6571145142827716,0.0007342270442417689,0.2965326692376818,0.5267414407879782,1.5734379125817475
308,0.8323872089385986,0.4159359889371054,1.6992145265851701,0.6904903394835336,0.0018722606244929402,0.2955526666981833,0.5266665249662015,1.5772329536788667
309,0.8286354541778564,0.4151375506605421,1.703507627759661,0.6900796805109296,0.000788390139600129,0.2948994849409376,0.526958137616983,1.582490846715166
310,0.8210713863372803,0.4160621591976711,1.7078350271497453,0.6761935779026577,0.0012897934544266068,0.29452695165361675,0.526372950440565,1.5852187289250805
311,0.7969605922698975,0.4146520325115749,1.7113687481198991,0.6639589326722282,0.0007157562545866572,0.29388553329876493,0.527512517210614,1.5853932117667433
312,0.792449951171875,0.4140610950333731,1.7151941571916853,0.6602947456496102,0.0010398032276758126,0.29310489552361624,0.5269977792496104,1.592832974254283
313,0.8007028102874756,0.4128323027065822,1.719723207609994,0.6548622506005424,0.0008500602613951612,0.29254963994026184,0.5268982229211405,1.5937645205467805
314,0.7967827320098877,0.4131715212549482,1.7220022167478288,0.6553204740796771,0.00037604205967259726,0.2920842042991093,0.5266972093304176,1.599928800835203
315,0.794137716293335,0.41151327320507597,1.7276302405766077,0.6602710740906852,0.0021146862283265883,0.2913446341242109,0.5268814732141024,1.603133547466432
316,0.8338627815246582,0.4116188372884478,1.731293899672372,0.6998620714460101,0.0015341978619939514,0.2907969185284206,0.5273976478341449,1.6051526727163203
317,0.8350012302398682,0.41098828826631817,1.7358507769448417,0.6848999517304557,0.0004467725604107337,0.2902883504118238,0.5269318284475215,1.6103255925157145
318,0.8206830024719238,0.4106284039361136,1.7398122889654977,0.6741376604352679,0.0004300780024745369,0.28966451968465534,0.5283102037660744,1.6124501645297749
319,0.8323798179626465,0.40947690180369783,1.7431309563773019,0.6967252152306693,0.002647520209263478,0.28952716503824505,0.527825707277375,1.6149475002502647
320,0.8226463794708252,0.4089601933956146,1.747668981552124,0.675418061869485,0.0018142446996145217,0.28916169915880474,0.5276540424257116,1.6193780139957308
321,0.8329792022705078,0.4081452786922455,1.7511861154011317,0.6905464104243687,0.0011085744710206719,0.288109119449343,0.5280997953607363,1.6206286119238678
322,0.809027910232544,0.4080423542431423,1.7551663943699427,0.6741580452237811,0.0008443168044323102,0.28825866324560984,0.5283496657829113,1.6249920830063755
323,0.804436445236206,0.40798454199518475,1.7583502871649606,0.6826583061899457,0.0018059516639498594,0.28727148686136517,0.5281728428575491,1.6299196748990115
324,0.8003935813903809,0.40898450357573374,1.76292507989066,0.6688128624643598,0.0037746739108115435,0.28664056743894306,0.528082378242048,1.6359258713743612
325,0.820218563079834,0.40616149987493244,1.7675042833600725,0.6720885719571795,0.00044388033815526536,0.2866614375795637,0.5279940607301857,1.6361056186693133
326,0.8315801620483398,0.4060456710202353,1.7705900839396886,0.6990074259894234,0.0045217554933125416,0.2864768036774227,0.5283024711993778,1.6388003852869897
327,0.7994458675384521,0.4046068276677813,1.7740816048213415,0.6623117072241647,0.0005127354920010216,0.28566375374794006,0.5282953782466495,1.6430763123815904
328,0.8293511867523193,0.405635872057506,1.778184141431536,0.6976068190165928,0.002635256842560401,0.2848296846662249,0.5287217286670155,1.6499467927778784
329,0.8095319271087646,0.40402185916900635,1.7832207850047521,0.6733376468930926,0.0017631648495028327,0.2838932360921587,0.5286060381897897,1.6545333386536671
330,0.832115650177002,0.4045972526073456,1.786931804248265,0.6866216659545898,0.0006279285610487152,0.28361272386142183,0.5290252694634578,1.6573708265886178
331,0.8007593154907227,0.402610753263746,1.7912398406437464,0.663995521409171,0.00314638415043841,0.28285166195460726,0.5290723758428086,1.65887986972193
332,0.8338563442230225,0.4035648873874119,1.7939593621662684,0.6987972004073006,0.0006233678754402458,0.2822990800653185,0.528931230440268,1.6626576035546614
333,0.8299956321716309,0.4027560608727591,1.7979176385062081,0.7085235629762922,0.000497815479840418,0.28202551177569796,0.5294857150770623,1.6669550471241699
334,0.9173760414123535,0.4010947900159018,1.802153536251613,0.6672502500670296,0.0007281335544705923,0.2812911570072174,0.5296578674573,1.6693130491025778
335,0.8291933536529541,0.4013047388621739,1.805343644959586,0.6877609321049282,0.004195732201748926,0.2804276645183563,0.5292999824600904,1.6722557320188514
336,0.8217692375183105,0.40101506454604013,1.8102294376918249,0.6879680837903704,0.004743688103709636,0.2796626899923597,0.5292274289067016,1.6764599881364626
337,0.8071691989898682,0.40053248405456543,1.8132600954600744,0.6765994259289333,0.0007276581475577716,0.28001467670713154,0.5294795512083934,1.6787768687902545
338,0.7870538234710693,0.3995809725352696,1.817548360143389,0.6640825356755938,0.0012038854724128864,0.2795634780611311,0.5296059702543935,1.6849363962096484
339,0.802861213684082,0.39835937534059795,1.8219489029475622,0.6902681759425572,0.0026620743987483104,0.2786199833665575,0.5297157390235251,1.685393568111642
340,0.8057742118835449,0.39839603645460947,1.824450169290815,0.6733920574188232,0.0017932253166301443,0.2779099813529423,0.529378867737381,1.6914562542876854
341,0.8265116214752197,0.3979856712477548,1.8295016288757324,0.6833656089646476,0.0012114440032746643,0.27706352727753775,0.5306145562184765,1.6932070025414094
342,0.8156251907348633,0.39705197725977215,1.8331076077052526,0.6834662812096732,0.005169095380032169,0.27689132945878164,0.5308965022253883,1.6983358015393997
343,0.7919416427612305,0.3957680208342416,1.8371825558798653,0.6701647639274597,0.0019365647978182615,0.2769451311656407,0.5307935500358787,1.6992582547825013
344,0.7911722660064697,0.39639146413121906,1.8396954195840018,0.6659314121518817,0.0014673054101876915,0.2760902728353228,0.5306741787713739,1.7013927644678295
345,0.8318781852722168,0.3948851100036076,1.843667847769601,0.6923447336469378,0.0015183368336043454,0.2762197809559958,0.5311519116029612,1.7075046568173464
346,0.8083724975585938,0.39475477593285696,1.849300469670977,0.6850099648748126,0.005215359469210463,0.27520611030714853,0.531233339299001,1.7101705640955356
347,0.8295259475708008,0.3947379503931318,1.8519306182861328,0.701139143535069,0.0019013093801082245,0.2751091165202005,0.5309331310169579,1.7122987690527878
348,0.810387134552002,0.39435796226773945,1.8555922167641776,0.6722505603517804,0.001458173877576233,0.27461177110671997,0.5312555274621253,1.717594674884471
349,0.8166117668151855,0.39365534697260174,1.8598603010177612,0.6859696848051888,0.0010410824158628071,0.2739776798657009,0.5311666657571835,1.7215437632505135
350,0.7881665229797363,0.3934681074959891,1.8630651065281458,0.6609884330204555,0.003850689222287786,0.27366651381765095,0.5318319923140008,1.7256141735299286
351,0.8068323135375977,0.3908893040248326,1.868491496358599,0.671376211302621,0.002101126131102709,0.2738165429660252,0.5314638189670751,1.7304642457063957
352,0.811551570892334,0.3922363093921116,1.8717477832521712,0.6797861882618496,0.002650898935306551,0.2732332646846771,0.5325091574758692,1.7324648993966825
353,0.7988920211791992,0.39114901423454285,1.8755035400390625,0.6765867386545453,0.0032704208362182336,0.27249790940965923,0.5317768264779061,1.7356044396156687
354,0.8128366470336914,0.3903662179197584,1.87951626096453,0.6813632079533168,0.008853065024595708,0.27207815647125244,0.5321649107163262,1.738159892804954
355,0.8266143798828125,0.3895175499575479,1.8837025506155831,0.7018357259886605,0.0019379626610316336,0.27148552026067463,0.5318751113297159,1.7418107820733246
356,0.7983424663543701,0.3901156953402928,1.8864570685795374,0.6675119314874921,0.0015237914423258708,0.2713343841688974,0.5322571947435627,1.7431946613328875
357,0.8026914596557617,0.3888855406216213,1.8897427661078317,0.6623671650886536,0.002843162473124851,0.27123269864491056,0.5322938358302608,1.7501956074761702
358,0.804724931716919,0.3886714833123343,1.894494584628514,0.6716457605361938,0.004465984779277018,0.2703252264431545,0.5323463384346042,1.7499924197859829
359,0.8292129039764404,0.38697444115366253,1.8990133830479212,0.6990582261766706,0.009035372904950887,0.2700684198311397,0.532190657784586,1.755090015351505
360,0.8268170356750488,0.3862123489379883,1.9024261576788766,0.6917456473623004,0.0031854895350988954,0.2705287848200117,0.5328305866151647,1.7579733908443707
361,0.8082940578460693,0.3875120622771127,1.905719825199672,0.6903172220502581,0.006444364229017603,0.2706962653568813,0.5333613814794429,1.7602845403645606
362,0.8102531433105469,0.3855186871119908,1.9089340482439314,0.6796810030937195,0.002094576513627544,0.2698100507259369,0.5337052919939494,1.760613850413951
363,0.8212308883666992,0.3857770093849727,1.9131320714950562,0.6872318131583077,0.0019047176340661412,0.2693571788924081,0.5336028711678201,1.7678900508068067
364,0.7904560565948486,0.38492557406425476,1.9166653496878487,0.6742140054702759,0.0045355815558910505,0.26849958300590515,0.5335991521587287,1.7724909974855159
365,0.7980976104736328,0.38531639746257235,1.9204301152910506,0.6593303169522967,0.002275171864312142,0.26785339202199665,0.5339531922554221,1.7751891228115613
366,0.7891817092895508,0.38409373589924406,1.9257587364741735,0.6587464553969247,0.0010636620946960257,0.2675101671900068,0.5336241818329679,1.7771825902665142
367,0.7907400131225586,0.38283744880131315,1.9281323637281145,0.6612886105264936,0.0037958122889644335,0.2668175143854959,0.5341476835477512,1.7787653982906597
368,0.7947614192962646,0.382392942905426,1.9310145889009749,0.6579677207129342,0.0037846874578722884,0.2660770927156721,0.534589068504727,1.7856324440695246
369,0.7999475002288818,0.3835301399230957,1.9348530599049159,0.6689774223736354,0.0014884506734753294,0.2662443390914372,0.5346885860768135,1.7892358554318346
370,0.790647029876709,0.3817090094089508,1.939934321812221,0.6710772684642247,0.0016743252885394863,0.2657826542854309,0.5356443949344447,1.7908841510524665
371,0.8094503879547119,0.38235109618731905,1.942528826849801,0.6691193495477948,0.002976471558213234,0.2655089923313686,0.5351235984152208,1.794634066355068
372,0.797905683517456,0.38089351994650705,1.9474733557019914,0.6579311490058899,0.008126182681215661,0.26468604803085327,0.5349728240560523,1.7990205025993655
373,0.8212029933929443,0.3805036885397775,1.9502966574260168,0.685170020375933,0.0026665981692661133,0.26444380623953684,0.5357436772953769,1.800816911752983
374,0.7871782779693604,0.38017475605010986,1.9535806349345617,0.6606694374765668,0.0032163444640380995,0.2644750773906708,0.536011687575969,1.8025752444972907
375,0.7928438186645508,0.3802677776132311,1.9569182395935059,0.6517868638038635,0.0036981730497375664,0.26382642132895334,0.5353878041553924,1.8072617738236227
376,0.7974762916564941,0.37800841672079905,1.9617127690996443,0.6505120056016105,0.004415138341885593,0.2637212446757725,0.5355249867845544,1.8081631371793192
377,0.8010163307189941,0.3774223285061972,1.9643657888684953,0.6479386176381793,0.008623063788815801,0.2633493202073233,0.5364905806934887,1.8134529895312048
378,0.7931530475616455,0.37842592171260286,1.9693175043378557,0.6517777953829084,0.0047011000860948116,0.26251901047570364,0.5365921146666522,1.8186441750804405
379,0.8252246379852295,0.3771348808492933,1.9718082802636283,0.6811757939202445,0.003786690150653677,0.26265605432646616,0.5371362828887631,1.8213591693228135
380,0.7847483158111572,0.3778438014643533,1.9756250381469727,0.6547899501664298,0.004735311144031584,0.26236213956560406,0.5370045355082628,1.827291436259522
381,0.797736644744873,0.37519328934805735,1.9801786627088274,0.6521054591451373,0.0025339577155786435,0.2619877117020743,0.5373993005453204,1.8277813805592968
382,0.7859454154968262,0.37511953711509705,1.983220168522426,0.6506086673055377,0.00529344443930313,0.2615537771156856,0.5371881819626676,1.8327379338944438
383,0.8206675052642822,0.37596258521080017,1.9867655890328544,0.661651006766728,0.0030820465430484285,0.26115559680121286,0.5371776330096839,1.8353811914076186
384,0.7930834293365479,0.37607612354414804,1.988992725099836,0.6409256202833993,0.0035690416282575044,0.2604620243821825,0.5375746857425022,1.8366226251884425
385,0.815277099609375,0.37395605870655607,1.992607661655971,0.6679992505482265,0.0044156757981649464,0.2603640343461718,0.5381104366127151,1.840162942762332
386,0.7903118133544922,0.37283783299582346,1.9965713705335344,0.6451631699289594,0.0052425606824856785,0.2599558447088514,0.5379335719908299,1.8474052214301755
387,0.7915620803833008,0.37272472040993826,2.0016921758651733,0.645685076713562,0.0063729191731129375,0.25935941508838106,0.5376403398577942,1.8479546784285472
388,0.8045549392700195,0.3730974921158382,2.0040082250322615,0.6425487909998212,0.030714751886469976,0.2593267687729427,0.5384944712100007,1.8484320998726405
389,0.7835032939910889,0.3716135791369847,2.007537603378296,0.6452261635235378,0.0021796942102290423,0.2590151471751077,0.5388178681044301,1.8522540149132767
390,0.7981925010681152,0.370844657932009,2.0113717828478133,0.6456642832074847,0.0075999346279006985,0.2595168096678598,0.5393224668609722,1.855669828808361
391,0.788151741027832,0.37118343796048847,2.0144386291503906,0.6354245798928397,0.021029491561681164,0.2586947977542877,0.5390003967712813,1.8616095786672002
392,0.8091168403625488,0.37117697085653034,2.0186569350106374,0.6392982431820461,0.0016571717486450715,0.2587569909436362,0.538907310887837,1.8652552109662728
393,0.807157039642334,0.36872026324272156,2.023087194987706,0.6456943069185529,0.004222390823997557,0.25824877619743347,0.5387491808343896,1.8690062611626936
394,0.8029441833496094,0.36920670100620817,2.0252308504922047,0.6374275258609227,0.006886882075507726,0.25749839203698294,0.5391295044411458,1.8700470892303194
395,0.8148446083068848,0.36773259724889484,2.029040949685233,0.6375059400285993,0.00330309291894082,0.2567379219191415,0.5396408187434277,1.8754789599388704
396,0.8063631057739258,0.36749512382916044,2.0332637514386858,0.6368066923958915,0.004668225272325799,0.25637598974364145,0.538938821698518,1.8788457296354353
397,0.7989990711212158,0.367826304265431,2.03683945110866,0.6371953317097255,0.005506712269769716,0.25604488594191416,0.5407268573350436,1.8779161890525988
398,0.7910082340240479,0.3673104771545955,2.039024727685111,0.6434384414127895,0.007490469469173279,0.2561055166380746,0.5404539720359939,1.8819346871611249
399,0.8159918785095215,0.36676910519599915,2.0434627192361012,0.654829604285104,0.0035480420753758934,0.25567348514284405,0.5398321830638321,1.8853839635849
400,0.8087489604949951,0.36599813614572796,2.047041484287807,0.6395410469600132,0.0035761293339809136,0.25497903142656597,0.5405337577978058,1.8872048288182828
401,0.7864954471588135,0.367246185030256,2.048872266496931,0.6205337473324367,0.003608410600073902,0.25500387379101347,0.5411370540948192,1.8898060065213875
402,0.7921142578125,0.3648070437567575,2.0534489154815674,0.624474550996508,0.007173026113637856,0.25432815722056795,0.5413440864182374,1.8925807406549497
403,0.8188047409057617,0.36725383145468576,2.0559100082942416,0.6453490683010646,0.012711709257148738,0.25442137888499666,0.5408882386481281,1.9005146486342221
404,0.788996696472168,0.3636645419257028,2.0604562759399414,0.6400374685014997,0.0068209351593395695,0.25460387553487507,0.5408293316182534,1.903790419946337
405,0.8133089542388916,0.3636633370603834,2.0629757131849016,0.6528763004711696,0.0036057519817924394,0.2546711436339787,0.5416153864475644,1.9055409602520177
406,0.7782175540924072,0.3620807571070535,2.0664284569876537,0.6347957338605609,0.0058182568256078026,0.2541657643658774,0.5413381171333416,1.9079378559984967
407,0.7800469398498535,0.36109496865953716,2.0708211830684116,0.6202841315950666,0.0020131742120221524,0.2534650649343218,0.5413257062702436,1.9107112975398521
408,0.7848999500274658,0.36170717648097445,2.0738437516348704,0.6131564804485866,0.0068135488140147315,0.2531830796173641,0.5420249401186614,1.9116783500252283
409,0.7799513339996338,0.3604687111718314,2.075993367603847,0.6180659106799534,0.004957044696701425,0.25293610777173725,0.541996035607941,1.9132574283488664
410,0.8074202537536621,0.3606881712164198,2.0802934169769287,0.635865935257503,0.006678664042348308,0.252115330525807,0.5425563860901803,1.917224727403957
411,0.8159675598144531,0.36174684337207247,2.083465133394514,0.6353554555347988,0.012122436792456679,0.25224372318812777,0.5424899803683362,1.9204579629171055
412,0.793205738067627,0.36062570554869516,2.087458440235683,0.618026145866939,0.0030662865756312385,0.2523858802659171,0.5431225214303876,1.9249207021944192
413,0.8096253871917725,0.3581767295088087,2.0908584935324535,0.6347082427569798,0.009269622545356728,0.25181160654340473,0.5429161137529552,1.9284264111198117
414,0.7822694778442383,0.3584324674946921,2.09431631224496,0.6205864548683167,0.0026624652756644146,0.2514696206365313,0.5434276560496857,1.9271685211113216
415,0.7844624519348145,0.35793218868119375,2.096407345363072,0.6164280431611198,0.004846748214081994,0.2510342470237187,0.5442452187495381,1.9291284971707605
416,0.7988429069519043,0.3578560394900186,2.0992090020860945,0.6068673389298576,0.004958482434241367,0.2505765642438616,0.5443518076242353,1.934485089083958
417,0.776604175567627,0.3581038628305708,2.1038497175489153,0.6000920108386448,0.006616491005323561,0.2501614881413324,0.544083520970537,1.9400939551169563
418,0.8030204772949219,0.356718578508922,2.106022936957223,0.623497724533081,0.009747670996668083,0.25014195697648184,0.5444666708531402,1.9416230366368998
419,0.9340782165527344,0.3551587845597948,2.1100034373147145,0.6273331897599357,0.003886663171994899,0.24977546717439378,0.5449058250461458,1.9457105879291825
420,0.81534743309021,0.3560408992426736,2.112548691885812,0.6228392890521458,0.01126801807965551,0.2498520932027272,0.5452019957148976,1.9491768252154638
421,0.8096292018890381,0.3546792141028813,2.1161558287484303,0.6081238644463676,0.005197084483890129,0.24991592977728164,0.5446902989272044,1.9513158963934722
422,0.825265645980835,0.3540453314781189,2.1195695059640065,0.6296148555619376,0.002700897615535983,0.2502481256212507,0.5460953204621114,1.9526626395537714
423,0.7882308959960938,0.353744238615036,2.1227875096457347,0.616577787058694,0.013529780221038632,0.24993482019220079,0.5456240583428353,1.9590138560453338
424,0.8051445484161377,0.3538020040307726,2.1270406246185303,0.6144508719444275,0.007268154178746045,0.24975780504090445,0.5456625225832644,1.9617039189744958
425,0.8218412399291992,0.35256485853876385,2.130397013255528,0.6234402571405683,0.012080995083254362,0.2498262929064887,0.5460707649521763,1.9624119430379483
426,0.7810630798339844,0.3525321100439344,2.1326709474836076,0.6122633303914752,0.004478944806448583,0.24996018835476466,0.5461595657160464,1.9634291516291187
427,0.7979860305786133,0.3523128628730774,2.135777166911534,0.6205248832702637,0.0068271263402753645,0.24986221534865244,0.5467493151870009,1.9667801958563083
428,0.7750284671783447,0.3509584537574223,2.1392185347420827,0.6092859166009086,0.005331643524446658,0.24988565061773574,0.5466856325688384,1.970012220032012
429,0.7758147716522217,0.35107854434422087,2.141984258379255,0.6101707816123962,0.0046049537403242925,0.25160046560423716,0.5473136647934337,1.9723337861989112
430,0.8168597221374512,0.3506353369780949,2.144799164363316,0.630425112588065,0.003496305526433779,0.2504530357463019,0.5477173702599222,1.9762963724777838
431,0.8256056308746338,0.3500880173274449,2.1485868862697055,0.6002113563673837,0.009966236456031246,0.25041261528219494,0.5469353832471531,1.9819156161338225
432,0.8037936687469482,0.3494062295981816,2.1515088081359863,0.6020649075508118,0.012372949426727635,0.24987344230924333,0.5479759648776376,1.9841697739913324
433,0.7822310924530029,0.34971749782562256,2.154193878173828,0.5945077623639788,0.008093953398721558,0.24923046571867807,0.5473530613253469,1.989703432326894
434,0.8127729892730713,0.3470052650996617,2.158266510282244,0.6212946602276394,0.0050653290236368775,0.24962518896375382,0.5482511381397333,1.9914282897128117
435,0.786334753036499,0.3487584548337119,2.161297764096941,0.5806536248752049,0.019246701325755566,0.24921219689505442,0.5483240648235441,1.9923905535129154
436,0.813213586807251,0.34765237144061495,2.164248432431902,0.5889737946646554,0.005075815067227397,0.24869065838200705,0.5486882999873482,1.9935442481874885
437,0.7773149013519287,0.3469365622316088,2.166512659617833,0.5674532737050738,0.008372769416642509,0.24850948580673762,0.5486456182505518,1.9995476472538147
438,0.8115386962890625,0.3466487356594631,2.1707831791469028,0.58916175365448,0.018717312611572976,0.2481985858508519,0.5484569601948486,1.999737770568095
439,0.7979464530944824,0.34595730900764465,2.1737667492457797,0.58457670041493,0.0114679810524519,0.24806377930300577,0.549097232754455,2.002143961431734
440,0.8171405792236328,0.3452745718615396,2.1766062804630826,0.5973269854273114,0.007041563013834613,0.2480840321098055,0.549270120971406,2.001963465737655
441,0.812720537185669,0.3440209243978773,2.1789931569780623,0.5853426626750401,0.005812437369188826,0.24803146294185094,0.5501169182794511,2.008339170917802
442,0.8095450401306152,0.3435116410255432,2.1829166752951488,0.5867402042661395,0.00999981300057178,0.24769170582294464,0.5503014168397193,2.0109662325392925
443,0.7784121036529541,0.3429647513798305,2.185647794178554,0.5765137246676854,0.005696437770633825,0.24748992919921875,0.5503964814369988,2.0127564128738884
444,0.8073863983154297,0.34378956045423237,2.1880943775177,0.5930274128913879,0.013700306008104235,0.24756991224629538,0.5499946491066116,2.016718307418139
445,0.8131592273712158,0.3422913891928537,2.1914186477661133,0.5828621898378644,0.011121294095313974,0.2477115967444011,0.5510893899763646,2.0197818332723436
446,0.8014891147613525,0.3422319676194872,2.1946732997894287,0.5738138215882438,0.005739052996172437,0.2473298396383013,0.5507547427720553,2.02266750635053
447,0.7966899871826172,0.34096365741321016,2.1980141571589877,0.5736244406018939,0.009980860781589789,0.24670143851212092,0.5515593696602792,2.0234813219763237
448,0.8021969795227051,0.34049476044518606,2.200076103210449,0.5616899388177055,0.008205936090754611,0.24677058628627233,0.551551000687039,2.026464364988387
449,0.7778909206390381,0.34121514218194143,2.2040253366742815,0.5806462168693542,0.013866418561000111,0.24753332776682718,0.551596586212449,2.0294033486746885
450,0.7897017002105713,0.3392642395836966,2.2068351677485873,0.5843139546258109,0.0064706028372581515,0.24832883477210999,0.5520400503825714,2.031108900035978
451,0.7922210693359375,0.3401970522744315,2.208844014576503,0.5822975890977042,0.00536433988184269,0.2476910310132163,0.5523508824575107,2.0329880382982606
452,0.7900364398956299,0.33874879138810293,2.212384189878191,0.5734536222049168,0.004807928685165409,0.2472354769706726,0.5521813152616869,2.0379404786456328
453,0.7718172073364258,0.34030698026929584,2.2158524649483815,0.5647601740700858,0.012080889045526939,0.24680001395089285,0.5522146235667003,2.0420313790240097
454,0.7936928272247314,0.3371736833027431,2.2185600144522533,0.5855645622525897,0.00584293546022049,0.2463070239339556,0.5524048922842394,2.043184963576997
455,0.774822473526001,0.3378599286079407,2.220468078340803,0.565425557749612,0.008990786495685046,0.2460560096161706,0.5535256079494151,2.0460766527150245
456,0.7897939682006836,0.3361479129110064,2.224494661603655,0.5648444550377982,0.009199945089806403,0.24628424857343947,0.553310462444887,2.048818626745934
457,0.7937607765197754,0.337611905166081,2.227278777531215,0.5763334631919861,0.011870848164627594,0.24598515459469386,0.5531490519976937,2.053279245915434
458,0.7852773666381836,0.3370209847177778,2.2295834677559987,0.5631749970572335,0.005237962169173572,0.24634359564099992,0.5545716432712537,2.0542199707886564
459,0.7998743057250977,0.3365833674158369,2.233143159321376,0.5661834052630833,0.005633784158687506,0.24564569124153682,0.5534337122878686,2.054399960778754
460,0.786046028137207,0.3348828852176666,2.2357337474823,0.5562812175069537,0.012534637719259731,0.24543670884200505,0.5545521782118109,2.0579797505263255
461,0.7700228691101074,0.3345496356487274,2.2380220208849226,0.5592209441321236,0.006864394194313458,0.24555661209992,0.5543853383962349,2.0577731934363532
462,0.9016847610473633,0.3342446769986834,2.2407429899488176,0.5510594589369637,0.008256268429769469,0.2456353987966265,0.5542208950615785,2.061774471950103
463,0.8108000755310059,0.33254026089395794,2.2437353474753245,0.5594263502529689,0.0038654381558964296,0.24473381681101664,0.555490750635686,2.0650263206841166
464,0.7742609977722168,0.3337717780045101,2.2462422166551863,0.5464643239974976,0.0052243285712652975,0.24476816824504308,0.5551172003083165,2.0686073666730804
465,0.8115277290344238,0.33392517481531414,2.249229294913156,0.5619809797831944,0.006943227623456291,0.24415341445377894,0.5547270651890024,2.0709749604554455
466,0.81075119972229,0.33395756993974957,2.251807689666748,0.5574050034795489,0.011301648137824876,0.2439562827348709,0.5550128932491012,2.0738369381481223
467,0.7936999797821045,0.33359209554536,2.2542063168116977,0.555159717798233,0.013113437095723515,0.24412242216723307,0.5562488712002879,2.0762403663498405
468,0.773104190826416,0.33213639685085844,2.2575111048562184,0.5602414054530007,0.005113914218132517,0.24465516635349818,0.5557609272644659,2.080979454143165
469,0.8080623149871826,0.3308283303465162,2.261068344116211,0.5858397313526699,0.007658922446093389,0.24585050557340896,0.5557742057359807,2.0819197930562656
470,0.7679798603057861,0.3306357775415693,2.2633239201136996,0.5698235205241612,0.00760118814650923,0.2451059307370867,0.5565290940182092,2.0847221297533522
471,0.7832748889923096,0.33047865118299213,2.2661385536193848,0.5718926531927926,0.008067814965865441,0.24508899450302124,0.5568112666831423,2.084018243267932
472,0.7693195343017578,0.3295509474618094,2.267982687268938,0.548209513936724,0.00467713938892952,0.24443227691309793,0.5566161331039907,2.087425360230587
473,0.7805707454681396,0.32860548155648367,2.2712301526750838,0.5536215220178876,0.008660003892146051,0.2443315578358514,0.5567558263449391,2.0906378827287475
474,0.8097829818725586,0.3288223147392273,2.272397041320801,0.553752349955695,0.009066943586471357,0.24402807227202825,0.5579293578729502,2.0933881661282525
475,0.7780499458312988,0.3278052679130009,2.276853254863194,0.541228609425681,0.009888504083002252,0.24336737820080348,0.5574427754889689,2.0985010418656698
476,0.7809576988220215,0.32851585320064,2.2788662569863454,0.5433319977351597,0.008716869417444937,0.2435536107846669,0.5586122651271221,2.0963456598632537
477,0.7616069316864014,0.3283794139112745,2.2802532741001675,0.5605206574712481,0.00822725539494838,0.2434740172965186,0.5582633090660711,2.100102464179822
478,0.773582935333252,0.32557173711912973,2.2838354451315745,0.5559280940464565,0.011036407335528306,0.24505691868918283,0.5585699594608872,2.100724033176097
479,0.7975790500640869,0.3265146825994764,2.2854304994855608,0.5605792147772652,0.005657809304206499,0.24519441383225576,0.5590752993998506,2.105691827466135
480,0.8017177581787109,0.32605521168027607,2.2894399166107178,0.5507893860340118,0.007700169691815972,0.24500531809670584,0.5586418381186344,2.1059961949763277
481,0.806382417678833,0.3253319944654192,2.291235787527902,0.5391692348888942,0.01450363706265177,0.24452956659453257,0.559004910323652,2.1102957394091004
482,0.7869207859039307,0.324513920715877,2.2942203113010953,0.5429208874702454,0.005462651922633606,0.24449522580419267,0.5594175866901072,2.113700909464883
483,0.7712893486022949,0.32387712597846985,2.2967049734933034,0.545889790569033,0.005723414809576103,0.24408939055034093,0.559516483625489,2.114255659248797
484,0.7943754196166992,0.3239946833678654,2.29862151827131,0.5394211326326642,0.005324030677521867,0.24325141736439296,0.5597768858943819,2.117491843989077
485,0.7733163833618164,0.3228443222386496,2.302060229437692,0.5242149233818054,0.009472229867242277,0.24271516289029801,0.5599847831533629,2.1179594426946253
486,0.7794778347015381,0.3224351576396397,2.3036796024867465,0.530650428363255,0.01003194136345493,0.24251559589590346,0.5605143714913339,2.12047141442919
487,0.7677667140960693,0.3237459361553192,2.3059516293661937,0.5288111993244716,0.006875141024855631,0.24216208500521524,0.5605439794972339,2.1256090685925675
488,0.8023252487182617,0.32147733654294697,2.3084524359021867,0.5441180808203561,0.007995673787913151,0.24225322902202606,0.5610388210001548,2.1254930720735556
489,0.782874345779419,0.3216834919793265,2.3113705771309987,0.5280675675187793,0.006773749965109995,0.2420181312731334,0.5602997113770968,2.1279409861885377
490,0.780247688293457,0.3218090959957668,2.313367026192801,0.5248108633926937,0.005974562140181661,0.24175800383090973,0.5621313947198637,2.1260783907543916
491,0.7930901050567627,0.3208124765327999,2.3155689920697893,0.5256897466523307,0.011796521588361688,0.2414714651448386,0.5618887410035582,2.130833239833336
492,0.8005774021148682,0.31855334980147226,2.319650105067662,0.5467911107199532,0.006181892207158464,0.24141417018004827,0.5614185624593042,2.132076316884815
493,0.80312180519104,0.31894025206565857,2.321509667805263,0.5310360448701041,0.008703715134678143,0.2411976648228509,0.5623056559819277,2.1349664119327016
494,0.7658200263977051,0.3180308980601175,2.324319464819772,0.5183132844311851,0.005691961052694491,0.24127745628356934,0.5621893988596485,2.136921706221029
495,0.7634396553039551,0.3174316031592233,2.325894866670881,0.5249483798231397,0.01579970685997978,0.24121772391455515,0.562133913884783,2.138626308184568
496,0.7901701927185059,0.3180708757468632,2.3285590580531528,0.5310266060488564,0.01221517929142075,0.24158995704991476,0.5626534464113381,2.1434090158864523
497,0.7796039581298828,0.31853451899119783,2.3309105804988315,0.5438754473413739,0.00657413766852447,0.24296357801982335,0.5634234670566336,2.143083400255896
498,0.7894859313964844,0.3176359789712088,2.3328607422964915,0.537974510874067,0.008043707182098712,0.24403685757092067,0.5637555881466032,2.147472652084624
499,0.7778036594390869,0.3168951656137194,2.335183790751866,0.5292606779507228,0.007284122286364436,0.24315466625349863,0.5627538115454361,2.1472392552636665
500,0.7610476016998291,0.31902056506701876,2.3368756089891707,0.5289872544152396,0.004851203145725387,0.24202209072453634,0.5637346629070059,2.1532853601224753
